1000,Channing,831-8927 Lacus. Road,Zierikzee,3404,Zl,Bosnia and Herzegovina
1001,Cameron,4788 Semper Ave,Bear,34928,DE,Montserrat
1002,Ariana,"P.O. Box 509, 1213 In, Rd.",Kano,12966,KN,Norfolk Island
1003,Hayes,Ap #865-9801 Dis St.,Hamburg,56779,Hamburg,Equatorial Guinea
1004,Kamal,2951 Nonummy Rd.,Zeist,41362,Utrecht,Denmark
1005,Grant,Ap #796-8622 Elit Rd.,Icheon,04871,Gye,Seychelles
1006,Otto,983-5616 Morbi Street,Cartagena,77056,BOL,Azerbaijan
1007,Sage,412-1813 Diam. Av.,Hamburg,7360 ,Hamburg,"Saint Helena, Ascension and Tristan da Cunha"
1008,Kelly,478-3572 Cras Road,AlÃ¨s,56279,Languedoc-Roussillon,Lebanon
1009,Mallory,"Ap #609-9676 A, Street",Le Pe,78201,Haute-Normandie,Mauritius
1010,Castor,"P.O. Box 834, 1357 Erat, St.",Yongin,57229-539,Gyeonggi,New Caledonia
1011,Clare,"P.O. Box 940, 8845 Orci, Rd.",Semarang,290623,Central Java,Mongolia
1012,Stella,832-186 Suscipit Avenue,Arsoli,59968,LAZ,Saint Pierre and Miquelon
1013,Deborah,Ap #342-5621 Ultrices Rd.,Bauchi,42506,Bauchi,"Virgin Islands, United States"
1014,September,Ap #189-1090 Donec Rd.,Haridwar,60510,Uttarakhand,San Marino
1015,Hadassah,"Ap #728-1094 Et, Street",Asse,03466,Vlaams-Brabant,British Indian Ocean Territory
1016,Faith,Ap #138-7747 Praesent Road,Wellington,34150,NI,Pitcairn Islands
1017,Sylvia,665-1225 Velit. St.,Poviglio,60954,ERM,Niger
1018,Carly,Ap #122-2894 Magna Rd.,Ijebu Ode,30302,Ogun,Bahamas
1019,Rowan,4524 Dui Rd.,Waterbury,81291,CT,Egypt
1020,Ingrid,7420 Lobortis Av.,Carmen de Bolivar,N2 0T,BolÃ­var,Slovenia
1021,Hollee,Ap #272-1547 Facilisis Road,San CristÃ³bal de la,51304,Canarias,Venezuela
1022,Melinda,Ap #261-7902 Vel Av.,Hearst,YJ82 ,ON,Hong Kong
1023,Valentine,338-8128 Semper Rd.,Kakisa,21206,Northwest Territories,Monaco
1024,Montana,Ap #452-358 Eu Avenue,Castelseprio,6801,Lombardia,Sao Tome and Principe
1025,Jerry,"P.O. Box 783, 6538 Tortor. St.",Rione,H3E 6A2,Antioquia,Slovakia
1026,Wing,8535 Sagittis Road,Llangefni,37565,AG,Tunisia
1027,Dacey,"P.O. Box 333, 1796 Elit. Avenue",TarnÃ,D27 6JG,MP,Namibia
1028,Hasad,1970 Enim St.,Cirebon,33241,West Java,Hong Kong
1029,Hammett,Ap #962-8544 Cursus Ave,Cork,9890,M,Uzbekistan
1030,Flavia,Ap #635-5491 Morbi Ave,Berlin,25870,BE,Seychelles
1031,Hiram,688-6788 Ornare Av.,Port Harcourt,57451,RI,Antarctica
1032,Scott,"P.O. Box 420, 2562 Feugiat Ave",Melbo,52-269,VIC,Haiti
1033,Anika,"P.O. Box 113, 2044 Ut, Av.",Gwangyang,17104,Jeo,Ethiopia
1034,Lance,"P.O. Box 359, 5706 Vestibulum, Rd.",SÅ‚upsk,68307,PM,Niue
1035,Merritt,182-7395 Sed Rd.,ApartadÃ³,65331,Antioquia,Marshall Islands
1036,Sonya,Ap #768-1794 Ultrices St.,Cabrero,H5C 6,BiobÃ­o,Viet Nam
1037,Murphy,"P.O. Box 470, 2407 Aenean Street",Vanco,9025,WA,Sint Maarten
1038,Jason,237-388 At Ave,Berlin,9262,Berlin,Gibraltar
1039,Cameron,"Ap #654-3568 Tortor, Ave",ZamoÅ,00472,LU,Wallis and Futuna
1040,Jaquelyn,"Ap #256-7091 Vitae, Street",Belfa,Z3287,U,Guyana
1041,Iris,"P.O. Box 178, 9711 Aliquam St.",Falun,31686,Dalarnas lÃ¤n,El Salvador
1042,Myra,Ap #318-7694 Magna St.,Mala,53277,Lima,Slovenia
1043,Fletcher,Ap #385-3882 Nunc Rd.,Jafarabad,86485,Balochistan,Guam
1044,Levi,"5156 Nec, Av.",Haren,Y8W 8P0,BU,United States Minor Outlying Islands
1045,Kim,6648 Velit. Rd.,ErciÅŸ,6782 ,Van,Taiwan
1046,Madonna,Ap #925-4795 Tellus Avenue,Envigado,17600,Antioquia,Azerbaijan
1047,Sawyer,"Ap #549-9596 Risus, St.",Uyo,98665,AK,Saint BarthÃ©lemy
1048,Rinah,Ap #280-5664 Ut Ave,Otukpo,77201,Benue,Malta
1049,Indigo,"P.O. Box 788, 9007 Metus St.",Porto,39-897,RS,Colombia
1050,Jessamine,711-6663 Pellentesque Rd.,Casole d'Elsa,75968,Toscana,Kyrgyzstan
1051,Xaviera,Ap #985-8811 Porttitor Street,Guadalupe,76484,LAL,Serbia
1052,Sylvester,Ap #196-481 Enim Av.,Hyderabad,ZY0 1,PU,Trinidad and Tobago
1053,Zia,818-6899 Dignissim Av.,Yorkton,24555,SK,Colombia
1054,Hakeem,"P.O. Box 524, 7555 Pharetra. St.",Quesa,15360,Alajuela,Zimbabwe
1055,Sybil,Ap #429-3399 Accumsan Ave,Pollena Trocchia,J84 3,CAM,Bolivia
1056,Noelle,"P.O. Box 307, 4149 Libero Rd.",Carta,HS1E 8HA,BolÃ­var,Lesotho
1057,Oprah,Ap #348-7514 Eget St.,Temuco,29864,IX,Trinidad and Tobago
1058,Aquila,Ap #488-5427 Enim. Avenue,Belfast,97025,Ulster,Monaco
1059,Amery,625 Rhoncus. Road,Ville de Maniwaki,91295,Quebec,Andorra
1060,Kalia,913-6694 Donec Rd.,SÃ¶derhamn,90057,GÃ¤vleborgs lÃ¤n,Niger
1061,Cade,218-1950 Donec Rd.,Seongnam,6277 ,Gyeonggi,Heard Island and Mcdonald Islands
1062,Orli,Ap #526-9090 Vivamus Avenue,Jeonju,0183 ,Jeo,Iceland
1063,Cameron,5444 Ligula Rd.,Quinta Normal,69829,RM,"Saint Helena, Ascension and Tristan da Cunha"
1064,Hedwig,9737 Erat. Ave,Porvenir,4846 ,Magallanes y AntÃ¡rtica Chilena,Christmas Island
1065,Guinevere,Ap #242-8774 Mauris Av.,Brusson,38398,Valle d'Aosta,Bahamas
1066,Stella,"P.O. Box 554, 185 Malesuada Road",Vello,4266,Tamil Nadu,Mongolia
1067,Judith,2204 Nunc Street,Rignano Garganico,03624,PUG,Vanuatu
1068,Gregory,"P.O. Box 189, 6868 Lacinia St.",Bursa,889806,Bursa,Belgium
1069,Judah,"4631 Sed, Rd.",Notho,43989,Luxemburg,Albania
1070,Damon,1098 Elit. Rd.,KÃ¶rfez,4329,Koc,Latvia
1071,Sylvester,189-4048 Tortor. Street,Ludwigsfelde,64360,BB,Moldova
1072,Janna,6474 Ut Av.,Caldarola,7360,MAR,Tuvalu
1073,Blossom,Ap #766-9945 Commodo Street,Berlin,17703,BE,Brunei
1074,Ariana,727-8248 Feugiat Rd.,Neelum Valley,8128,Azad Kashmir,Poland
1075,Cheyenne,Ap #782-8437 Lorem St.,Piracicaba,Z0910,SP,Philippines
1076,Malcolm,423-2025 Phasellus Avenue,ÅÃ³dÅº,81920,Å‚Ã³dzkie,French Southern Territories
1077,Kasper,718-6214 A Ave,Reno,29758,NV,Aruba
1078,Serena,Ap #414-2520 Malesuada Rd.,Memphis,23968,TN,Puerto Rico
1079,Sarah,6539 Ipsum. Street,Cajamarca,58454,Cajamarca,Burkina Faso
1080,Abel,"Ap #814-4441 Placerat, Rd.",Vienn,28156-90420,Vienna,CÃ´te D'Ivoire (Ivory Coast)
1081,Lyle,1304 Commodo Road,Lo Espejo,26451,RM,Iran
1082,Noelani,583-4760 Purus. Road,Lochranza,8325,BU,Paraguay
1083,Nerea,"3574 Vulputate, Road",Cork,24900,Munster,Serbia
1084,Ashton,562-8235 Libero Rd.,Cabrero,81678,VII,Guernsey
1085,Valentine,"P.O. Box 140, 1812 Donec St.",Hulst,42257,Zeeland,New Zealand
1086,Noah,945-6713 Tincidunt. Avenue,MaganguÃ©,56237,BOL,Swaziland
1087,Jacob,"4226 Mauris, Rd.",Culem,FP71 8DD,Gl,Dominica
1088,Patrick,249-3913 Sit St.,Dera Ismail Khan,N8L 8,Khyber Pakhtoonkhwa,Philippines
1089,Shaine,Ap #304-6606 Non Street,Newmarket,4091,ON,India
1090,Jeremy,6775 Litora Avenue,Mokpo,3474,South Jeolla,Trinidad and Tobago
1091,Christopher,Ap #294-6184 Erat. Ave,ApartadÃ³,40647,Antioquia,Belarus
1092,Victor,"P.O. Box 829, 8779 Suspendisse Av,Allen,30603,Pennsylvania,Armenia
1093,Brynne,1839 Suspendisse Av.,Vienna,36462,Wie,Sint Maarten
1094,Phelan,"Ap #595-7661 Elementum, Rd.",Toba ,53477-96823,Punjab,Equatorial Guinea
1095,Bo,Ap #287-6532 Nullam St.,OrlÃ©ans,S1H 7,CE,Holy See (Vatican City State)
1096,Andrew,412-3713 Sed St.,Gimpo,14959,Gyeonggi,Macedonia
1097,Vivien,"P.O. Box 219, 3951 Sem Street",Apart,39562,ANT,Kenya
1098,Carson,Ap #841-1755 Hendrerit Rd.,MauÃ¡,93894,SÃ£o Paulo,Nicaragua
1099,Kyle,Ap #959-9321 Blandit Rd.,West Jordan,7268,Utah,Qatar
1100,Vincent,1263 Convallis St.,Middelburg,22179,Zl,South Africa
1101,Carter,"P.O. Box 836, 5676 Class Avenue",Beaus,28247,Manitoba,Turkmenistan
1102,Reuben,"P.O. Box 421, 657 Vitae, Aven,Konya,5616,Konya,Switzerland
1103,Suki,"684 Enim, St.",Cambr,N8K 2M0,MA,Guinea
1104,Rahim,284-8984 Cursus St.,Dublin,56421,L,Slovakia
1105,Harper,148-5248 Erat Av.,KrakÃ³w,76199,MP,Mayotte
1106,Jessica,7166 Quam Avenue,Konin,09618,Wielkopolskie,Peru
1107,Harrison,128-5832 Nec Avenue,Dumfries,07587,Dumfriesshire,Peru
1108,Gage,"P.O. Box 131, 9768 Rutrum Ave",Kano,37-877,Kano,South Georgia and The South Sandwich Islands
1109,Hoyt,"P.O. Box 760, 6407 Aliquet Av.",Rotor,029668,North Island,Japan
1110,Adrienne,Ap #262-5506 Vel Rd.,Temuco,77900,IX,Turkmenistan
1111,Wesley,604-7198 Auctor St.,Newtown,00936,MG,Holy See (Vatican City State)
1112,Tatiana,Ap #805-4120 Proin Street,Trivandrum,80223,KL,Lebanon
1113,Abdul,"P.O. Box 717, 6724 Nam Road",Verac,17-433,Veracruz,Brunei
1114,Dale,"P.O. Box 529, 1550 Ligula St.",Okpok,2841,Anambra,Saint Pierre and Miquelon
1115,Aubrey,Ap #375-7858 Feugiat. Rd.,Sluis,85725,Zl,Rwanda
1116,Nayda,Ap #455-6132 Aliquet Rd.,Bontang,06320,East Kalimantan,United Arab Emirates
1117,Jerome,"P.O. Box 432, 4394 Dis Street",Watfo,15448,Hertfordshire,"Bonaire, Sint Eustatius and Saba"
1118,Isaac,165-5964 Ac Road,Bellevue,H27 1,Nebraska,Sierra Leone
1119,Forrest,924-5095 Aenean Street,Uppingham. Cottesmor,59419,Rutland,Moldova
1120,Yvette,Ap #216-7680 Nullam Ave,Vladimir,62359,VLA,Taiwan
1121,Wade,Ap #101-221 Mauris Ave,Palma de Mallorca,11614,Illes Balears,Ghana
1122,Indira,"P.O. Box 642, 326 Sed Av.",Jeche,33574,North Chungcheong,Trinidad and Tobago
1123,Dylan,744-5477 Vivamus St.,Chapadinha,10638,MaranhÃ£o,Comoros
1124,Lydia,Ap #879-1392 Molestie Rd.,Faisalabad,21881,Punjab,Montserrat
1125,Briar,128-4447 Nunc Road,IlhÃ©us,84361,BA,Wallis and Futuna
1126,Allistair,"P.O. Box 959, 5438 Dapibus St.",Lisie,Z0330,Basse-Normandie,Bolivia
1127,Jackson,Ap #271-2719 Placerat St.,Vienna,44705,Vienna,Anguilla
1128,Ulla,185-5623 Etiam Rd.,Monte Patria,68010,Coquimbo,Turkmenistan
1129,Thor,491-9243 Eu St.,Newark,84704,DE,Australia
1130,Vance,"428-133 Consequat, Street",Bhakk,377347,Punjab,Guyana
1131,Shelley,848-5981 Posuere Rd.,Okene,4099,Kogi,Ireland
1132,Gwendolyn,9237 Aliquam Ave,Vienna,Z0747,Vienna,Israel
1133,Montana,Ap #475-4411 Risus. Avenue,Moere,1297,West-Vlaanderen,Cuba
1134,Kirestin,784-7158 Aliquam Street,Reading,61617,PA,Tanzania
1135,Yvonne,Ap #472-3227 Ante Rd.,Noville,1879,LX,Congo (Brazzaville)
1136,Graham,Ap #213-8497 Dictum. Rd.,Ananindeua,73183,PA,Bosnia and Herzegovina
1137,Phelan,887-1298 Nonummy Road,Marbella,10175,AN,Zimbabwe
1138,Bethany,Ap #883-433 Molestie Street,Makurdi,81579,Benue,Benin
1139,Kimberley,581-1782 Phasellus Ave,LaSalle,8645,ON,Somalia
1140,Damian,6033 Nulla Street,Huntly,61572,North Island,Bolivia
1141,Brennan,"P.O. Box 983, 1637 Nunc Road",Evans,22915,Indiana,"Congo, the Democratic Republic of the"
1142,Paul,Ap #418-9518 Sit Avenue,Metro,15294,Lampung,Kuwait
1143,Rinah,"P.O. Box 862, 626 Orci, Aven,Harrisburg,34796,PA,Guam
1144,Heidi,"675-3829 Purus, Rd.",Vienn,877028,Vienna,Oman
1145,Kaden,Ap #869-5692 Libero Rd.,Sant'Egidio alla Vib,R9C 9,Abruzzo,Netherlands
1146,Pamela,9181 Lacus. Rd.,Sangju,64662,North Gyeongsang,Togo
1147,Serena,"764-424 Ut, Av.",Stock,32213,AB,Canada
1148,Quemby,"P.O. Box 800, 7280 Nam Street",Bandu,81-649,JB,Jordan
1149,Mohammad,586-9192 A Rd.,Wonju,6008,Gan,Honduras
1150,Jemima,251-6109 Eros Road,Yangju,V2Y 1,Gyeonggi,Turkey
1151,Jack,509-8668 Lobortis St.,Lake Cowichan,73794,British Columbia,Bangladesh
1152,Garrison,2491 Posuere Avenue,Arnhem,58458,Gl,"Palestine, State of"
1153,Nadine,8547 Morbi Street,Enna,26527,SIC,Ã…land Islands
1154,Maya,Ap #130-108 Parturient Avenue,Mexico City,40714,CDM,Bolivia
1155,Hyacinth,4455 Aliquam St.,Marchienne-au-Pont,87274,Henegouwen,French Polynesia
1156,Cynthia,961-4103 At Rd.,Fontaine-Valmont,53510,Henegouwen,Brazil
1157,Hasad,Ap #904-8719 Ultrices Av.,Palmerston,59180,NT,Zambia
1158,Fay,Ap #415-5194 Mauris. Rd.,Tiel,2274,Gl,Ghana
1159,Caleb,Ap #993-4016 Sit Street,Dublin,47508,Leinster,Bermuda
1160,Brenden,695-4216 Dictum Av.,Langford,5043,BC,Serbia
1161,Yardley,7832 Sed Street,Grafton,4141,New South Wales,Bhutan
1162,Priscilla,334-3621 Metus. Road,VezirkÃ¶prÃ¼,01666,Sam,Macedonia
1163,Sarah,Ap #644-5223 Phasellus Av.,Frankston,67602,Victoria,Portugal
1164,Indira,"P.O. Box 877, 3472 Eu, Ave",Ostrowiec ÅšwiÄ™tokrzyski,8104,SwiÄ™tokrzyskie,Liechtenstein
1165,Jin,840-847 Elit St.,Fort Worth,81352,TX,Angola
1166,Gareth,625-1876 Donec Av.,San Rafael,86729,Alajuela,Romania
1167,Tyler,819-1674 Lorem Ave,Osasco,22618,SP,Brunei
1168,Davis,Ap #299-8657 Metus Avenue,Ramara,14039,Ontario,Falkland Islands
1169,Imogene,Ap #409-9208 Egestas Road,TÃ¤by,70668,Stockholms lÃ¤n,Holy See (Vatican City State)
1170,Honorato,434-5339 Convallis Ave,Kortessem,9132,L.,Lebanon
1171,Frances,"P.O. Box 788, 9484 Sociis Avenue",Semar,3042 EH,Central Java,Sweden
1172,Tad,"P.O. Box 937, 7988 Odio Avenue",Vienn,85394,Wie,Western Sahara
1173,Cruz,Ap #642-2795 Magna. Ave,Karak,8514,Khyber Pakhtoonkhwa,Cook Islands
1174,Hyacinth,"P.O. Box 305, 7249 Vulputate, Rd.",Chitral,670199,Khyber Pakhtoonkhwa,Luxembourg
1175,Jelani,"P.O. Box 666, 6144 Phasellus Rd.",Corba,95301,CAM,China
1176,Arden,"P.O. Box 484, 3568 Posuere Ave",Cajam,K0 6KU,Cajamarca,Eritrea
1177,Rinah,"P.O. Box 773, 4288 Non Rd.",Port ,7132,South Australia,Mauritius
1178,Daphne,"299-5837 Adipiscing, St.",Legan,161288,MA,Martinique
1179,Hillary,895-2260 Egestas Ave,Pontevedra,37788,GA,Congo (Brazzaville)
1180,Zenia,9189 Iaculis St.,Cï¿½te-Saint-Luc,8110,Quebec,Jersey
1181,Daryl,Ap #480-9313 Cras Rd.,AfÅŸin,A86 6,Kah,Mozambique
1182,Idola,Ap #218-2692 Porta Rd.,Ceyhan,37786,Ada,Panama
1183,Idona,"P.O. Box 341, 7812 Eleifend. Aven,Ã‘uÃ±,J6 0TD,Metropolitana de Santiago,Kazakhstan
1184,Neil,"P.O. Box 422, 3839 Lectus Street",Rzesz,35339,Podkarpackie,Saint Kitts and Nevis
1185,Murphy,"Ap #182-4447 Et, St.",Grane,40055-427,VI,Iceland
1186,Uriel,225-6724 Sociis St.,Te Awamutu,4950,North Island,Jordan
1187,Merrill,Ap #345-6602 Suspendisse Avenue,Burnpur,5199,WB,Belgium
1188,Skyler,3616 Cursus Ave,Cap-de-la-Madeleine,33942,Quebec,Haiti
1189,Dylan,3117 Vel Rd.,Vienna,62761,Vienna,Sao Tome and Principe
1190,Dalton,3260 Mauris. Av.,Siheung,92431,Gye,Jamaica
1191,Brady,9731 Nunc Av.,Piura,0308 ,PIU,Serbia
1192,Mariko,"P.O. Box 494, 4628 Metus. Rd.",Vienn,8617,Wie,Cayman Islands
1193,Madeson,"P.O. Box 360, 2524 Sem Av.",Breme,B7A 0A1,Bremen,Saint Vincent and The Grenadines
1194,Kelly,"P.O. Box 211, 9742 Dui. Av.",TarnÃ,56206,MP,Czech Republic
1195,Kyle,Ap #818-3497 Pretium Road,Baltasound,87537,Shetland,Martinique
1196,Olivia,606-8888 Erat Rd.,Huacho,21434,Lima,Belize
1197,Ross,Ap #744-9968 Adipiscing. Rd.,PolatlÄ±,25817,Ank,Malawi
1198,Amir,"P.O. Box 117, 8378 Dolor, Road,Hohenems,7116 QM,Vbg,Palau
1199,Erica,Ap #528-801 Integer Street,Grafton,51407,NSW,Japan
NULL,NULL,NULL,NULL,NULL,NULL,NULL