6000,Egestas A LLC,338-3503 Sodales Av.,Semarang,69927,Central Java
6001,Ultrices Posuere Cub,107-698 Accumsan Av.,Guadalupe,Z0698,San JosÃ©
6002,Taciti Sociosqu Indu,Ap #123-6454 Et Av.,Chhindwara,12254,MP
6003,Dictum Magna LLC,4897 Molestie Road,Etterbeek,5553,BU
6004,Nec Urna Consulting,Ap #417-2152 Posuere St.,Tambov,737078,TAM
6005,Mattis Integer Limit,Ap #369-6120 Ultrices Rd.,Orenburg,17365,ORE
6006,Aliquam Inc.,5503 Lacinia Av.,Nampa,17177,ID
6007,Sed Eu Eros Corporat,961-7320 Gravida. Av.,Malderen,07830,Vlaams-Brabant
6008,Faucibus LLP,Ap #187-9552 Rutrum. St.,Palopo,233816,South Sulawesi
6009,Non Nisi Corp.,542-7596 Elit. St.,KuÅŸadasÄ±,Z4104,Ayd
6010,Elit Inc.,744-9954 Dictum Road,Biggleswade,M2Y 1E5,Bedfordshire
6011,Ac Foundation,3147 Nec Rd.,Topeka,55595,Kansas
6012,Fermentum Inc.,6420 Mauris. Rd.,Bama,06775,BO
6013,Quis Arcu Company,"P.O. Box 421, 5274 Aenean Rd.",Markham,886150,Ontario
6014,Neque Morbi Associat,"544-1827 Ac, Rd.",Siedlce,72096,Mazowieckie
6015,Vivamus Molestie Inc,1121 Justo. Rd.,MÃ©rida,V3 8GZ,YucatÃ¡n
6016,Elit Pretium Et LLC,"P.O. Box 487, 906 Dolor. St.",Grave,40782,N.
6017,Etiam Imperdiet Indu,"5712 Risus, Rd.",Redwater,52735,AB
6018,Mollis Duis Sit LLC,6423 Duis Rd.,Retiro,69727,Maule
6019,Ridiculus LLC,3194 Aliquam Street,Vienna,06125,Wie
6020,Facilisis Incorporat,7861 Interdum Rd.,Mirpur,04399,Azad Kashmir
6021,Nulla Associates,4987 Ac Rd.,VÃ¤nersborg,9837,VÃ¤stra GÃ¶talands l
6022,Morbi Neque Associat,"P.O. Box 170, 153 Libero St.",Sint-Agath,90454-511,Brussels H
6023,Proin Dolor Nulla LL,"P.O. Box 670, 3345 Cras Rd.",Villafranc,282681,Piemonte
6024,Nunc Quis LLC,4096 Integer Street,Dutse,5417,JI
6025,Enim Sit Amet Consul,"Ap #830-171 Ornare, Ave",Gumi,47852,North Gyeongsa
6026,Morbi Company,776-6601 Euismod Rd.,Yekaterinburg,51687,SVE
6027,Eu Lacus Associates,"P.O. Box 385, 1421 Dolor Avenue",Scala Coel,G8D 9MB,Calabria
6028,Habitant Morbi Incor,905-5519 Amet Ave,Kurgan,191062,KGN
6029,Auctor Velit Aliquam,"Ap #615-7798 Tincidunt, Street",Berlin,7315 KJ,BE
6030,Metus Eu Associates,"P.O. Box 214, 6180 Purus Av.",LimÃ³n (Pu,0221 HX,LimÃ³n
6031,Luctus Corporation,"P.O. Box 252, 8308 Nec Road",Puente Alt,5611,RM
6032,Dui Company,"P.O. Box 427, 4906 Mattis. St.",Irapuato,21655,Guanajuato
6033,Amet Consectetuer Ad,310 Scelerisque Av.,Tarragona,678650,Catalunya
6034,Sit Consulting,3033 Nascetur Avenue,Owerri,G8G 8A2,IM
6035,Molestie Sodales Mau,Ap #821-6743 Vel Av.,Clermont-Ferrand,23096,AU
6036,Gravida Incorporated,"P.O. Box 327, 3717 Sit Rd.",Metro,B7Z 8Z7,Lampung
6037,Tempus Scelerisque L,562-7330 Ridiculus Av.,Buckley,R5 7KL,FL
6038,Vel Quam Ltd,7982 Mauris Road,Envigado,45964-978,ANT
6039,Integer Vulputate Ri,1608 Sollicitudin Street,Ulsan,88162-565,South Gyeongsang
6040,Aenean Massa LLC,970-6313 Luctus Av.,Bois-de-Villers,50418,NA
6041,Phasellus Corp.,"683-4207 Nec, Av.",Saint-Hila,08774,QC
6042,Fusce Inc.,1924 Congue Road,Vienna,E7Y 2K2,Wie
6043,Vitae Aliquam Eros I,422-1363 Eget Av.,San Isidro de El Gen,9954,San JosÃ©
6044,Lobortis Quis Pede I,Ap #436-1112 Mauris Rd.,Joliet,414435,Illinois
6045,A Ultricies Incorpor,"P.O. Box 836, 8507 Aliquam Rd.",Galway,T5B 0B1,C
6046,Ut Consulting,905-3498 Facilisis Av.,Kansas City,B7G 2G2,MO
6047,Enim Institute,"P.O. Box 939, 6533 Donec Street",MÃ³stoles,734138,MA
6048,Arcu Vivamus Sit Ass,Ap #479-2850 Ligula. Av.,Hamburg,361695,HH
6049,Quisque Ac Libero Lt,"719-3193 Amet, Street",Cornwall,1945,Ontario
6050,Porttitor Company,3592 Torquent St.,Feilding,02033,North Island
6051,Erat Eget Tincidunt ,Ap #538-5218 Dui Ave,Olathe,90917,KS
6052,Nisi Mauris Industri,Ap #844-2324 Pellentesque. Rd.,Galway,26163,C
6053,Sodales Mauris LLP,Ap #415-665 Aliquam St.,Yeoju,8340,Gyeonggi
6054,Lorem Industries,"P.O. Box 109, 1330 Imperdiet Road,Vallentuna,6865,Stockholms lÃ¤n
6055,Dui Quis Inc.,Ap #223-2946 Nam Avenue,Stalowa Wola,72550,Podkarpackie
6056,Vitae Semper Egestas,"Ap #962-7945 Congue, St.",Bremen,248625,Bremen
6057,Vitae Aliquam Incorp,Ap #854-7039 Massa. Rd.,Kano,5012,KN
6058,Mauris Rhoncus Id In,5521 Volutpat Street,Rotheux-RimiÅ½re,6787,LU
6059,Viverra Maecenas Lim,2904 Id St.,Ã…kersberga,61810,Stockholms lÃ¤n
6060,Cum LLP,Ap #416-2884 Ultrices. Rd.,Katihar,B4B 4P5,Bihar
6061,Velit Sed Foundation,Ap #986-8830 Lacus. St.,Chulucanas,80096,PIU
6062,At PC,"P.O. Box 181, 776 Cras Rd.",Upplands V,10605,Stockholms lÃ¤
6063,Mauris Magna Duis In,807-6440 Nam Street,Ghizer,15473,GB
6064,Nullam Vitae Diam In,"382 Suscipit, Ave",Seogwipo,WD2 3LI,Jej
6065,Blandit Enim Ltd,"Ap #926-9014 Orci, Avenue",Murcia,684291,Murcia
6066,Luctus Associates,Ap #115-5888 Mollis Avenue,Llanwrtwd Wells,29032-468,Brecknockshire
6067,Malesuada Company,"P.O. Box 332, 1327 Id Street",Kalisz,41415-89108,Wielkopo
6068,Fermentum Arcu Vesti,Ap #479-8281 A Avenue,Kirkland,96471,QC
6069,Magna Cras LLC,"P.O. Box 434, 3979 Dui, Rd.",Phoenix,773956,Arizo
6070,Augue Foundation,7944 Malesuada Road,Cobquecura,70503,BiobÃ­o
6071,Ipsum Dolor Sit PC,"193-6485 Ornare, Street",Tarma,9584,JUN
6072,Quis Institute,807-3009 Feugiat St.,GijÃ³n,337340,Principado de Asturi
6073,Cursus Non Associate,"P.O. Box 117, 8717 Quam Road",Malambo,72502,AtlÃ¡ntico
6074,Adipiscing Inc.,853-4641 Ultrices Rd.,Penza,25239,PNZ
6075,Enim Sit Company,"P.O. Box 160, 9584 Sollicitudin S,Hofors,255749,GÃ¤vleborgs l
6076,Massa Rutrum Magna L,9344 Dolor Av.,Horsham,00-246,Victoria
6077,Ultricies Ornare Inc,1954 Commodo Av.,Flint,1030,Michigan
6078,Vitae Dolor Company,"P.O. Box 135, 1215 A, St.",CaÃ±as,Y5M 5E9,G
6079,Cubilia Curae; Incor,"P.O. Box 536, 3029 Magna. Street",Ciudad Rea,22867-12570,CM
6080,Magna Nec Quam Incor,378-9333 Rhoncus. Ave,Poza Rica,225880,Ver
6081,Sed Id Risus LLC,8048 Amet Ave,Crato,470757,CE
6082,Enim Sit Amet Compan,288-7044 Eget Av.,Shepparton,Z3545,Victoria
6083,Lorem Lorem Luctus P,371-9237 Nam St.,Mojokerto,85252,JI
6084,Velit Consulting,"P.O. Box 912, 6856 Ac St.",Lunel,30206,LA
6085,Et Nunc Quisque Corp,"3991 At, Ave",ApartadÃ³,HZ6Q 8VL,ANT
6086,Aliquam Tincidunt Nu,5451 Mattis Rd.,La Rochelle,09240,Poitou-Charentes
6087,Consectetuer Ltd,6990 Sapien Road,Goes,30509,Zeeland
6088,Ligula Industries,Ap #926-6381 Aliquam Road,Tumba,86048,AB
6089,Egestas Urna Justo I,776-3936 Eu Road,Greater Hobart,3136,TAS
6090,Et Tristique Pellent,Ap #834-1253 Etiam Avenue,ÅžanlÄ±urfa,9968,ÅžanlÄ±urfa
6091,Ornare LLC,"P.O. Box 944, 9636 Rhoncus. Rd.",Bath,43678,Ontario
6092,Ac Arcu Nunc Corpora,1867 Mollis. Road,Pakpatan,578479,SI
6093,Auctor LLC,586 Dolor Ave,Vienna,18526,Vienna
6094,Vulputate Posuere Vu,"P.O. Box 529, 1934 Leo. Road",Arequipa,93315,Arequipa
6095,Ullamcorper LLP,"Ap #918-5124 At, St.",Damoh,85862,MP
6096,Curabitur Consulting,Ap #903-660 Donec Road,Warri,S3P 7P8,Delta
6097,Euismod Enim Incorpo,408-6348 Cras Avenue,Oosterhout,70464,Noord Brabant
6098,Dis Inc.,"Ap #522-1986 Ullamcorper, Ave",Des Moines,YR6 0KI,Iowa
6099,Quis Consulting,723-4075 Porttitor Rd.,Vienna,Z1105,Vienna
NULL,NULL,NULL,NULL,NULL,NULL