4000,Non Industries,336-6683 Dui. Street,Olinda,Pernambuco,1488,Gyeonggi
4001,Imperdiet Non Vestibulum Foundation,"P.O. Box 965, 7187 Amet St.",Cartagena,BOL,63140,AB
4002,Nibh Lacinia Associates,"P.O. Box 368, 7465 Ultrices Rd.",Sterling Heights,MI,757461,OS
4003,Adipiscing Enim Mi Institute,"P.O. Box 605, 6280 Sed, Rd.",Dubli,Leinster,322451,Galicia
4004,Accumsan Limited,Ap #609-4551 Tincidunt Road,Telde,CN,28089,North Island
4005,Viverra Donec Tempus Consulting,"5475 Nec, Avenue",Saint-Urbain,QC,60313,Luik
4006,Integer Ltd,Ap #195-2614 Et Street,CaÃ±as,Guanacaste,51021,JUN
4007,Donec Tincidunt Donec Foundation,"P.O. Box 872, 1967 Faucibus Stree,Talagante,RM,59627,V
4008,Feugiat Lorem Consulting,"P.O. Box 442, 4333 Cum Road",Ramara,ON,M30 0AB,Cartago
4009,Vestibulum Nec Euismod PC,7122 Curabitur St.,Loralai,BL,Z9001,North Island
4010,Mollis Vitae Posuere LLC,Ap #761-2408 Aliquam St.,LuziÃ¢nia,GoiÃ¡s,35691,MO
4011,Auctor LLP,"P.O. Box 698, 2748 Euismod Rd.",Naarden,Noord,12052,Ontario
4012,Donec Est Nunc Inc.,"P.O. Box 801, 4915 Integer Rd.",Helensburgh,DN,97313,WA
4013,Urna Incorporated,Ap #199-6004 Gravida. Avenue,Tomsk,Tomsk Oblast,Z0013,Catalunya
4014,Quisque LLC,Ap #143-9866 Faucibus Road,Langley,British Columbia,65895,MH
4015,Suscipit Est Foundation,Ap #343-9506 Eget Street,PoznaÅ„,Wielkopolskie,73029,IL
4016,Dui Corporation,"P.O. Box 488, 5298 Sit St.",Tual,Maluk,30511,PUN
4017,Proin Inc.,Ap #733-6881 Sem St.,Worksop,Nottinghamshire,31426,Alberta
4018,Feugiat Company,566-8250 Nam St.,Lagos,LA,AT4 6,OV
4019,Aliquam Eros Associates,"Ap #710-7643 Nec, Rd.",Le Petit-Quevilly,HA,64-996,Wie
4020,Eu Tempor Corporation,"P.O. Box 977, 2402 Ultrices. Av.",Gyeongsan,Gye,5122,Manitoba
4021,Sed Dui Fusce Inc.,"P.O. Box 477, 5440 Leo. Street",Pontevedra,GA,49597-808,San JosÃ©
4022,Facilisis LLP,Ap #624-1313 Sed Rd.,Nadrin,Luxemburg,47110,NI
4023,Iaculis Nec Eleifend LLC,613 Sapien. Road,Padre Hurtado,Metropolitana de Santiago,2973,North Island
4024,Mauris Incorporated,668-3754 Tempor Rd.,Funtua,Katsina,20257,AN
4025,Dictum Magna Ut Inc.,8141 Sed Rd.,Carleton,QC,8455,Euskadi
4026,Orci Tincidunt Limited,345-428 Amet Rd.,Idaho Falls,ID,2953,East Java
4027,Ipsum Primis PC,924-857 Feugiat Street,Llanquihue,Los Lagos,04903,Borno
4028,Congue A Aliquet Foundation,712-6514 Aliquam Rd.,North Waziristan,FA,78008,Stockholms lÃ¤n
4029,Quis Accumsan Convallis LLC,"P.O. Box 919, 6547 Dictum St.",Albury,New S,18038,Antofagasta
4030,Placerat Velit Company,"P.O. Box 986, 9609 Leo, Ave",Banch,Kincardineshire,005124,HH
4031,Parturient LLP,6407 Euismod Rd.,VÃ¤nersborg,O,AJ0 4,HR
4032,Donec Tincidunt Associates,Ap #507-6694 Mauris. Ave,Cunco,AraucanÃ­a,61149,Nordrhein-Westphalen
4033,Eget Corporation,571-9081 Ultricies Road,Thames,North Island,0771,Jeo
4034,Aenean Gravida Nunc Corp.,"P.O. Box 850, 5804 Nibh St.",Canoas,Rio G,75593,Noord Brabant
4035,A Ltd,912 Enim Rd.,Grumo Appula,PUG,2674,AN
4036,Suspendisse Company,301-9918 Sit Road,Clydebank,Dunbartonshire,21-77,Mexico City
4037,Ultrices Posuere LLP,"9786 Non, Ave",Cap-Rouge,QC,04390,Metropolitana de Santiago
4038,Lobortis Ultrices Vivamus Consulting,463-5886 Faucibus Ave,Padang Sidempuan,SU,45621,Gye
4039,Curae; Phasellus Ornare Corporation,Ap #569-7451 Dolor Street,Whitehorse,YK,2767,PO
4040,Senectus Et Netus Corp.,9849 Magna. Street,Freire,AraucanÃ­a,74-55,Vermont
4041,Enim Commodo Hendrerit Inc.,Ap #816-5501 Sem Rd.,Vienna,Wie,3491,Kemerovo Oblast
4042,Adipiscing Corp.,Ap #961-6671 Mollis Ave,NorrkÃ¶ping,E,01858,Anglesey
4043,Lacus Ut Nec Foundation,1466 Est Ave,Dera Bugti,Balochistan,82826,Inverness-shire
4044,In Consectetuer Incorporated,Ap #864-3675 Ipsum. St.,Murcia,Murcia,1796,OH
4045,Dui Nec Tempus Associates,Ap #417-2991 Tellus St.,Coevorden,Dr,44750,AndalucÃ­a
4046,Sit Amet Corporation,"P.O. Box 814, 4537 Pharetra Road",Osasco,SP,16422,Rio de Janeiro
4047,Nunc Pulvinar Arcu PC,Ap #508-1428 Suspendisse St.,Kerikeri,NI,10-73,Ankara
4048,Nostra Per Inceptos Consulting,701-3461 Leo. Rd.,Township of Minden H,Ontario,66166,KPK
4049,Id Industries,6392 Blandit Rd.,Istanbul,Ist,61822,NT
4050,Ut Sem Nulla Industries,329-553 Nec Street,Vienna,Wie,6428,Ontario
4051,Convallis Convallis Dolor Associates,767-3768 Quis St.,San JosÃ© de Alajuel,Alajuela,Z5384,CE
4052,Vitae Nibh Donec Corporation,"P.O. Box 419, 4735 Rutrum Avenue",Goulburn,NSW,56138,BE
4053,Nam Associates,Ap #586-1536 Rhoncus. Street,Bello,Antioquia,L6S 9,V
4054,Sociis Natoque Incorporated,"Ap #118-1810 At, Av.",WaÅ‚brzych,Dolno,93327,VIC
4055,Tempor Lorem Consulting,4743 Tristique Ave,Guadalupe,LAL,9418,VII
4056,Lorem Incorporated,"P.O. Box 127, 5589 Hendrerit Aven,Vienna,Vienn,53098,West Java
4057,Duis Ltd,"P.O. Box 731, 8869 Tempus St.",Salamanca,Casti,20807,Florida
4058,Lorem Institute,"P.O. Box 716, 8859 Pharetra. Ave",Gladstone,Queen,4602,Shropshire
4059,Dictum Mi Ac LLP,4424 Egestas Road,Forbach,Lorraine,61051,Vienna
4060,Malesuada Fames Limited,3727 Consectetuer Rd.,Vienna,Vienna,17549,C
4061,Enim LLC,9538 Pharetra Road,NorrkÃ¶ping,Ã–stergÃ¶tlands lÃ¤n,9447,Vienna
4062,Sed PC,"P.O. Box 654, 2698 Lacus Rd.",Orenburg,Orenb,969803,U
4063,Interdum Nunc PC,4601 Sapien Street,BraganÃ§a,ParÃ¡,36595,ON
4064,Lorem Sit Amet Ltd,"P.O. Box 745, 5440 Rutrum, Street",Birmi,Alabama,12362,PIU
4065,Sed Dui Corp.,1650 Elit Street,Stargard SzczeciÅ„sk,ZP,M8 6K,LAM
4066,Nec Luctus Consulting,8482 Posuere Av.,Vienna,Vienna,86697,MA
4067,Non Leo PC,"251-5201 Vitae, Rd.",CÅ½roux-Mousty,Waals,843631,HI
4068,Dapibus Ligula Corp.,259-5043 Ipsum Rd.,Berlin,Berlin,10114,AndalucÃ­a
4069,Mus Donec Dignissim LLC,4474 Libero. St.,Russell,Ontario,20988,Utah
4070,Enim Inc.,789-8572 Lacus. St.,Hamburg,Hamburg,6423,Friuli-Venezia Giulia
4071,Proin Velit Sed Corp.,"P.O. Box 703, 7471 Nisi Rd.",Brussel,BU,905116,San JosÃ©
4072,Per Ltd,7590 Ut Ave,Warszawa,MA,50917,Zeeland
4073,Aliquam Iaculis Lacus Institute,"P.O. Box 687, 3307 Duis St.",CastellÃ³,Comun,667230,Arizona
4074,Cras Interdum Associates,Ap #980-4473 Lacus. Rd.,Bhakkar,SI,90078,Z.
4075,Orci Consectetuer PC,850 Parturient Avenue,Weymouth,DO,5262,Vienna
4076,Etiam Laoreet Libero Foundation,"P.O. Box 737, 2100 Eget, St.",Bucki,Quebec,18818,Cusco
4077,Libero Institute,"P.O. Box 250, 4330 Dolor Rd.",Huesca,AragÃ,30814,AS
4078,Eros Incorporated,"P.O. Box 460, 8466 Elit Ave",Bremerhaven,HB,867290,Vlaams-Brabant
4079,Leo Foundation,699-8922 Nec Avenue,Polesella,VEN,4097,Queensland
4080,Lacus Consulting,4646 Fringilla Rd.,Smolensk,Smolensk Oblast,41844,Antioquia
4081,Eleifend Non Inc.,646-4982 Metus St.,Sicuani,Cusco,Z0983,CH
4082,Cursus Purus Industries,Ap #414-2394 Quisque St.,TorreÃ³n,Coa,46194,VIC
4083,Orci Luctus Et LLP,"P.O. Box 750, 1954 Ipsum Road",San Rafael,San J,L2X 4E5,SJ
4084,Dolor Quisque Tincidunt LLP,"P.O. Box 499, 3871 Nulla. Av.",Vienna,Wie,20-584,Noord Holland
4085,Nunc LLP,141-3831 In Street,Wollongong,NSW,42460,Gl
4086,Nunc Est LLP,"P.O. Box 578, 3519 Netus Rd.",Murcia,Murci,Z7629,Rajasthan
4087,Proin Nisl Sem PC,7737 Congue Av.,Turbo,ANT,18798,Khyber Pakhtoonkhwa
4088,Venenatis Lacus Consulting,Ap #971-9848 Donec Road,Belfast,U,19743,Vienna
4089,Eu LLP,"Ap #822-2909 Vel, St.",Toledo,Casti,8494 ZM,O
4090,Nulla PC,7291 Donec St.,CarapicuÃ­ba,SP,C5L 7,DE
4091,Proin LLC,"P.O. Box 347, 417 Vivamus Av.",Cork,Munst,05832,HB
4092,Mauris Corporation,"P.O. Box 552, 221 Libero. St.",Lower Hutt,North,B8A 5H5,Wie
4093,Suspendisse Aliquet Company,"P.O. Box 939, 9965 Donec Rd.",San Francisco,Hered,03533-687,Berlin
4094,Eu Consulting,556-4064 Ac Rd.,Barranquilla,AtlÃ¡ntico,72857,Mic
4095,Montes Nascetur Ridiculus Foundation,Ap #904-917 Aliquam Rd.,Turriff,AB,52124,LU
4096,Faucibus Orci Luctus Corporation,"3428 Vel, Av.",Rossignol,LX,6924,Connacht
4097,Orci Lacus Vestibulum Ltd,5964 Enim. Street,Zaria,KD,14956,NIZ
4098,Sed Id Risus Institute,"P.O. Box 809, 4692 Duis Street",Torrevieja,CV,3957,Mazowieckie
4099,Eget Venenatis A Corporation,Ap #758-1454 Nulla Av.,Yorkton,Saskatchewan,86287,Lubelskie
NULL,NULL,NULL,NULL,NULL,NULL,NULL