8000,Leslie,id.ante@magna.co.uk,1-920-469-6989, Executive Officer,03.05.17,21.03.15,4015
8001,Dennis,dolor.egestas@dolorsitamet.edu,379-6639, Executive Officer,22.03.16,01.11.18,4016
8002,Freya,dictum.cursus.Nunc@ligulaconsectetuerrhoncus.org,716-8282, Executive Officer,03.07.15,05.11.15,4017
8003,Carla,mauris.sapien.cursus@Aliquamauctorvelit.co.uk,1-205-687-3515, Executive Officer,09.03.18,11.08.19,4018
8004,Tatyana,Suspendisse.sagittis.Nullam@Integer.edu,977-7159,Business Executive ,31.08.14,20.10.19,4019
8005,Stuart,neque.Morbi.quis@lobortisnisinibh.org,647-4213,Business Executive ,16.02.17,13.07.17,4020
8006,Mohammad,litora@felisullamcorperviverra.com,471-3557, Executive Officer,30.04.17,29.05.18,4001
8007,Libby,ut@aenim.co.uk,150-8624, Executive Officer,21.07.15,11.06.16,4002
8008,Acton,ultricies.dignissim@sit.net,416-5718,Business Executive ,03.03.12,17.07.16,4003
8009,Benedict,eget@euodio.edu,659-5587,Business Executive ,01.12.15,21.07.20,4004
8010,Tashya,adipiscing.non@Vestibulum.net,837-6954,Business Executive ,30.06.11,31.03.15,4005
8011,Ray,odio.a.purus@mollis.com,1-918-529-6262,Business Executive ,05.12.09,02.02.20,4006
8012,Bryar,diam@tinciduntadipiscing.ca,248-3590, Executive Officer,10.07.17,25.08.17,4024
8013,Tana,In@vel.co.uk,464-3288, Executive Officer,01.10.12,13.02.19,4025
8014,Cedric,metus.vitae@molestieorci.net,1-853-505-2095, Executive Officer,03.04.13,14.04.19,4026
8015,Colette,adipiscing@nequetellusimperdiet.net,594-9209, Executive Officer,15.06.17,03.08.15,4027
8016,Adele,mauris.id@eleifendnunc.co.uk,1-948-786-3092,Business Executive ,06.02.12,30.08.15,4028
8017,Thaddeus,Fusce@lacusEtiam.net,687-7592, Executive Officer,05.06.16,12.05.19,4029
8018,Hall,Maecenas.libero.est@Craseget.co.uk,1-715-192-4335, Executive Officer,10.10.17,20.05.20,4031
8019,Martha,montes.nascetur.ridiculus@sodaleselit.ca,1-332-749-5830,Business Executive ,30.03.19,04.05.19,4032
8020,Caesar,cursus@malesuadaIntegerid.net,723-0148, Executive Officer,24.01.15,14.07.20,4033
8021,Omar,dapibus@auguemalesuadamalesuada.edu,1-825-278-2246,Business Executive ,09.11.09,06.10.18,4034
8022,Anthony,ipsum@Nuncmaurissapien.edu,1-744-883-3335,Business Executive ,15.12.15,17.04.15,4011
8023,MacKensie,sed@tortordictumeu.com,1-159-733-8784, Executive Officer,11.12.15,16.09.20,4012
8024,Lester,sociis@justonec.co.uk,1-626-766-9052,Business Executive ,04.10.09,08.12.16,4013
8025,Todd,lectus.pede@feugiatnon.org,800-0066, Executive Officer,02.01.16,28.05.17,4050
8026,Cadman,nascetur.ridiculus@Donec.net,1-987-303-7427, Executive Officer,14.10.18,23.07.19,4051
8027,Katelyn,Nunc.ullamcorper@nunc.com,327-6555, Executive Officer,31.10.09,02.12.15,4052
8028,Kylie,quam.Pellentesque@urnaNuncquis.co.uk,961-6030,Business Executive ,23.06.12,21.02.16,4053
8029,Zachery,a@nonummy.edu,1-327-298-9748, Executive Officer,17.12.10,28.03.17,4054
8030,Devin,enim.nec.tempus@scelerisquescelerisquedui.edu,1-159-373-8287,Business Executive ,01.09.20,29.12.16,4035
8031,Priscilla,semper.et.lacinia@vulputate.com,1-590-956-1290, Executive Officer,04.04.16,26.01.19,4036
8032,Ulric,malesuada.vel@sagittisaugue.co.uk,841-3980,Business Executive ,14.11.18,06.12.20,4037
8033,Hedley,bibendum@iaculisaliquet.co.uk,1-968-474-1650,Business Executive ,04.09.12,02.05.20,4038
8034,Samuel,Vestibulum.ante@Maecenas.net,1-320-287-5356, Executive Officer,29.06.11,19.08.15,4021
8035,Ian,pharetra@Integereu.net,1-640-924-4024, Executive Officer,22.05.14,17.11.18,4022
8036,Brody,Suspendisse@nonummyut.net,1-525-184-0572,Business Executive ,10.02.19,05.10.17,4023
8037,Fletcher,eu.turpis.Nulla@egestasrhoncusProin.net,292-9331, Executive Officer,21.06.10,13.02.19,4030
8038,Melyssa,feugiat.Sed.nec@egetmagnaSuspendisse.ca,1-997-613-3067,Business Executive ,15.10.09,08.02.19,4039
8039,Grace,imperdiet@elitfermentumrisus.org,906-7663,Business Executive ,23.09.16,05.03.17,4040
8040,Sean,at.iaculis@euenim.com,717-7150,Business Executive ,05.04.14,30.06.19,4041
8041,Kennedy,tempus.risus@arcu.net,519-9903,Business Executive ,19.05.15,24.04.15,4042
8042,Ainsley,Cras.dolor@Aeneangravida.com,1-831-755-3060, Executive Officer,02.10.10,08.07.20,4043
8043,India,Morbi.accumsan.laoreet@Nunc.ca,876-1633, Executive Officer,09.08.15,09.08.20,4044
8044,Wallace,a@nuncid.edu,1-428-242-4578,Business Executive ,12.10.10,13.11.15,4045
8045,Timon,urna@idrisusquis.co.uk,967-8239, Executive Officer,04.09.11,08.05.16,4046
8046,Halla,vulputate.ullamcorper.magna@Suspendisse.org,1-625-503-2877, Executive Officer,03.07.12,05.12.16,4047
8047,Morgan,tincidunt@nibhAliquam.edu,1-959-870-0513,Business Executive ,11.07.18,14.07.19,4048
8048,Blake,Curabitur@euismod.edu,1-653-538-9247,Business Executive ,28.04.12,21.05.18,4049
8049,Gillian,eget.ipsum@risusQuisque.co.uk,805-8776,Business Executive ,29.07.18,04.11.19,4007
8050,Baker,Mauris.quis@dapibusgravidaAliquam.org,1-937-562-6444, Executive Officer,24.10.17,27.12.20,4008
8051,Claire,faucibus.ut@Quisqueliberolacus.net,441-4611, Executive Officer,04.04.20,18.01.18,4009
8052,Anika,dolor.sit.amet@luctusetultrices.org,1-955-782-4149, Executive Officer,22.11.20,21.02.20,4010
8053,Kerry,cubilia.Curae.Phasellus@risus.edu,1-668-574-1978, Executive Officer,01.09.16,08.11.16,4003
8054,Vivian,Duis.mi@leo.org,1-742-954-8655, Executive Officer,12.07.09,25.01.19,4055
8055,Martin,Praesent@erosnonenim.ca,128-6151, Executive Officer,06.07.11,03.06.16,4056
8056,Odette,rhoncus.Nullam.velit@nec.org,1-574-124-6365, Executive Officer,03.09.09,25.02.20,4057
8057,Felicia,dui@nectempus.edu,1-680-110-9002,Business Executive ,18.12.10,09.05.17,4058
8058,Latifah,aliquam@elit.com,1-910-781-3673, Executive Officer,08.03.16,02.05.17,4059
8059,Aimee,orci.Ut.semper@venenatisvelfaucibus.net,688-0104, Executive Officer,12.02.10,02.07.17,4060
8060,Imelda,erat@lacusvariuset.org,805-3091,Business Executive ,13.03.18,04.12.16,4061
8061,Patricia,scelerisque.neque@Maecenasiaculisaliquet.net,483-4072, Executive Officer,28.02.11,17.06.16,4062
8062,Palmer,ullamcorper.viverra.Maecenas@ametrisusDonec.ca,986-9829,Business Executive ,14.04.16,12.02.15,4063
8063,Lacy,ultricies.dignissim@in.com,412-7072, Executive Officer,03.12.15,10.08.18,4064
8064,Jolene,elit.pharetra.ut@sed.edu,758-5757, Executive Officer,27.01.14,04.03.19,4065
8065,Oren,ligula@acfermentum.net,1-207-447-6393,Business Executive ,12.05.18,27.10.15,4066
8066,Barry,faucibus.ut.nulla@dictumeu.com,1-537-524-8441, Executive Officer,23.12.13,29.04.20,4067
8067,Abdul,molestie.in.tempus@parturient.net,412-7679,Business Executive ,25.02.13,12.05.20,4068
8068,Justine,Sed@risus.co.uk,1-971-276-5766,Business Executive ,10.03.12,06.11.19,4069
8069,Dalton,enim.Etiam@Mauris.edu,391-4613, Executive Officer,27.03.12,08.11.20,4070
8070,Zahir,Nunc.mauris@sempertellus.ca,490-7016,Business Executive ,15.05.09,20.09.16,4071
8071,Mark,risus.Morbi@risus.ca,672-6898,Business Executive ,07.07.14,14.08.18,4072
8072,Lars,fames.ac.turpis@egestas.co.uk,908-8198,Business Executive ,03.10.12,08.12.19,4073
8073,Davis,accumsan@duinectempus.edu,262-8753,Business Executive ,20.06.18,27.03.18,4074
8074,Mollie,scelerisque.dui@pedeultrices.ca,511-6837,Business Executive ,24.02.13,25.07.20,4075
8075,Mia,eros.turpis@ami.net,605-4145, Executive Officer,18.10.10,03.11.18,4076
8076,Adele,gravida@litora.edu,630-2615, Executive Officer,07.09.18,10.04.18,4077
8077,Sonia,aliquet.Proin@vitae.ca,799-7205, Executive Officer,23.01.15,07.02.20,4078
8078,Joan,magna.Praesent@volutpat.edu,1-596-772-8873,Business Executive ,18.12.20,30.04.17,4079
8079,Sharon,Phasellus@ametfaucibus.net,789-0640,Business Executive ,09.04.20,17.05.15,4080
8080,Melanie,porttitor.interdum@telluseu.net,917-8168, Executive Officer,16.08.10,17.03.19,4081
8081,Cassidy,Pellentesque.ultricies@ProinvelitSed.net,917-9486, Executive Officer,19.04.18,09.09.19,4082
8082,Curran,elit.Nulla@facilisisSuspendisse.net,395-7457,Business Executive ,09.07.09,03.04.18,4083
8083,Chloe,dolor.dolor.tempus@Aliquamornare.org,395-4615, Executive Officer,01.09.15,06.09.15,4084
8084,Anika,Lorem.ipsum.dolor@mattissemperdui.edu,1-910-192-9790, Executive Officer,23.10.18,07.03.16,4085
8085,Larissa,libero@consectetuer.net,212-7434, Executive Officer,18.09.16,06.06.17,4086
8086,Echo,inceptos@turpisvitaepurus.org,986-1053,Business Executive ,03.08.15,02.12.18,4087
8087,Jenette,ullamcorper.Duis.at@sitamet.org,1-864-710-6014, Executive Officer,13.07.15,08.04.20,4088
8088,Guy,iaculis.odio.Nam@velfaucibus.org,1-909-357-9189,Business Executive ,18.09.09,20.02.17,4089
8089,Brent,Sed.auctor@vulputate.org,333-9182,Business Executive ,26.01.13,02.12.18,4090
8090,Robert,egestas@dolor.co.uk,458-5588,Business Executive ,24.02.20,13.07.15,4091
8091,Chantale,rutrum@eros.net,336-6438,Business Executive ,12.10.18,27.06.20,4092
8092,Kiayada,sodales.elit@purus.org,1-538-679-3917, Executive Officer,19.03.18,07.03.20,4093
8093,Xerxes,sit@a.edu,681-4958, Executive Officer,30.07.09,01.04.15,4094
8094,Gray,ultrices.iaculis.odio@tempusrisusDonec.co.uk,798-2827, Executive Officer,02.09.14,22.12.16,4095
8095,Hoyt,a.malesuada@Donecporttitor.edu,1-987-663-3521, Executive Officer,25.11.14,10.01.21,4096
8096,Mufutau,pellentesque.eget.dictum@aliquet.co.uk,1-322-567-3131,Business Executive ,09.05.11,16.07.19,4097
8097,Damian,pharetra.felis@lorem.co.uk,397-7054,Business Executive ,22.09.13,18.08.15,4098
8098,Nissim,Aenean@inconsectetueripsum.co.uk,1-476-827-5562, Executive Officer,14.06.10,26.03.20,4099
8099,Kelly,varius.orci@elementum.co.uk,1-429-306-4425,Business Executive ,10.04.09,31.12.15,4013
NULL,NULL,NULL,NULL,NULL,NULL,NULL,NULL