5000,Nisi Sem Limited,9594 Cum Avenue,Garaguso,8366
5001,Aliquam PC,227-9086 Magna Ave,Norfolk County,61416
5002,Sed Nec Limited,Ap #761-3172 Nulla St.,Ilesa,43140
5003,Ut Nisi PC,P.O. Box 462, 6014 Magna Ave,Chanc
5004,Aenean Euismod Mauri,214-7532 Lorem, Ave,Aylme
5005,Erat Vitae Limited,Ap #627-5072 Vitae Avenue,Wolverhampton,2173
5006,Leo Cras LLP,Ap #497-4009 Faucibus Av.,Amlwch,9022
5007,Suspendisse Eleifend,4571 Iaculis Road,Quintero,21609
5008,Lorem Fringilla LLC,P.O. Box 844, 4169 Ac St.,Rosou
5009,Tempus Mauris Limite,101-7118 Elementum St.,San Juan (San Juan d,S4 1A
5010,Arcu Curabitur Found,Ap #501-5654 Lorem, Ave,Terra
5011,Per LLP,P.O. Box 610, 4907 Vivamus Rd.,Ambon
5012,Tellus Nunc Corp.,Ap #287-6775 Tellus Rd.,Patna,K2R 9
5013,Sit LLP,1656 Pede. St.,MÃ¼lheim,13611
5014,Eget Corp.,P.O. Box 588, 6594 Eu, St.,
5015,Lobortis Inc.,9074 Semper Rd.,Guarapuava,59771
5016,Mi Tempor Lorem Corp,Ap #142-5334 Ante. St.,Satara,97998
5017,Hendrerit Neque Comp,P.O. Box 456, 2128 Erat. St.,Haber
5018,Vel Limited,920-3744 Nibh Street,Karlsruhe,8223
5019,Cursus Luctus Instit,5479 Lorem, Road,Saarl
5020,Senectus Foundation,751-9014 Neque Road,Karabash,79986
5021,Consectetuer Adipisc,P.O. Box 905, 4753 Euismod Rd.,Campb
5022,Dapibus Gravida Aliq,748-5285 Ipsum. St.,La Cruz,23090
5023,Praesent Interdum Li,4075 Rutrum Avenue,Sant'Urbano,52810
5024,Diam Vel Institute,P.O. Box 258, 7063 Duis Road,Penza
5025,A Magna Lorem Associ,Ap #459-7591 Aliquam Rd.,Pachuca,25653
5026,Consectetuer Ipsum F,897-8770 Sodales Avenue,Haasdonk,52735
5027,Et Ultrices Posuere ,512-7083 Nostra, Rd.,Vance
5028,Proin Industries,P.O. Box 433, 2733 Fermentum Aven,Seosa
5029,Duis Mi Enim Industr,847-3474 Nonummy Rd.,Ijebu Ode,7916
5030,Nunc Ac LLP,4693 Elit, St.,Red D
5031,Varius Foundation,9818 Pede. Road,Harelbeke,61755
5032,Sed Dictum Industrie,Ap #971-2769 Neque Av.,Salzwedel,16399
5033,Turpis Institute,576-3520 Nulla Rd.,Bicinicco,1839
5034,Elit Nulla Associate,Ap #961-7038 In Av.,Dandenong,79906
5035,Aliquam Enim Nec LLC,854-8939 Mauris Street,Quesada,94447
5036,Nunc Lectus Inc.,Ap #628-907 Orci Street,Reading,50127
5037,Tellus Non Magna LLP,P.O. Box 410, 8559 Scelerisque, Rd.,
5038,Sodales Company,Ap #162-2664 Non, Ave,Bousv
5039,Hendrerit Donec Indu,P.O. Box 756, 6824 Ipsum. Road,Grey 
5040,Curabitur Incorporat,Ap #715-2501 Nisl Ave,Meix-le-Tige,34655
5041,Tempus Risus Corpora,561-8125 Lectus Rd.,Mont-de-Marsan,71718
5042,Lorem Vitae Odio Inc,P.O. Box 578, 1706 Elit Street,Noduw
5043,Sed Eget Consulting,177-6214 Vitae, Rd.,Anzio
5044,Ornare PC,125-2249 Velit. Road,Frankston,24168
5045,Cursus Corporation,8257 Velit. Ave,Burlington,52625
5046,Libero Donec Associa,P.O. Box 531, 9148 Proin Road,Rauco
5047,Nec Inc.,433-7334 Velit. St.,Swansea,2424
5048,Nonummy Limited,501-2742 Eu Av.,QuÃ©bec City,06354
5049,Non Foundation,P.O. Box 155, 8223 Luctus Av.,Tarsi
5050,Placerat Orci Lacus ,Ap #986-3317 Vestibulum Ave,Eastbourne,S1T 4
5051,Pellentesque A Corpo,Ap #819-4400 Tempor Road,Sgonico,73513
5052,Luctus Limited,269-2329 Varius. Rd.,Bruck an der Mur,10185
5053,Orci Associates,1294 Amet, Road,Norrk
5054,Libero Lacus Varius ,358-4471 Sed St.,Mangalore,4379
5055,Arcu Morbi Sit Compa,Ap #843-4233 Eget, Av.,Provo
5056,Id Industries,P.O. Box 617, 6909 Curae; Avenue,Fort 
5057,Dictum Augue Consult,3846 Ut St.,Dera Ghazi Khan,6989
5058,Donec Institute,148-7157 Proin Ave,Sint-Denijs,83883
5059,Sed Dictum Associate,Ap #433-4587 Fusce Av.,Tourinne,88081
5060,Venenatis LLC,Ap #385-4629 Orci. Ave,Herstal,29-35
5061,Lorem Consulting,Ap #178-8780 Vitae Rd.,Nantes,10889
5062,Blandit Enim Consequ,P.O. Box 891, 7546 Euismod Rd.,Charn
5063,Neque Venenatis Lacu,P.O. Box 391, 2492 Urna Rd.,Cardi
5064,Dolor Nonummy Ac Inc,P.O. Box 266, 468 Vestibulum St.,Leugn
5065,Facilisis Company,935-4422 Lacus. Street,Campbelltown,09504
5066,Quis Accumsan Conval,Ap #577-1697 Mi Road,LÃ¼beck,4918
5067,In Company,P.O. Box 843, 963 Ipsum. Road,San J
5068,Tempor Diam Corp.,Ap #909-827 Proin St.,Atlanta,54864
5069,Sed Auctor Odio Inc.,898-5345 Eleifend Ave,Perk,13715
5070,Enim Non Company,Ap #361-7638 Proin Rd.,Sanluri,8883 
5071,Ut Quam Incorporated,9045 Eu, St.,San R
5072,Pharetra Nibh Aliqua,994-2798 Nisi Road,AlenÃ§on,76332
5073,Mollis Nec Foundatio,Ap #627-1652 Feugiat Avenue,DÃ¶rtyol,4765
5074,Dapibus Rutrum Justo,480-2176 Phasellus Rd.,Piancastagnaio,18721
5075,Ultrices Mauris Ipsu,6027 Mollis. St.,Ä°mamoÄŸlu,70323
5076,In Condimentum Donec,6379 Vel Ave,Cambiago,29872
5077,Ante Nunc LLP,P.O. Box 614, 6207 Tristique Road,Trama
5078,Luctus Ut Pellentesq,Ap #124-7569 Sem, Rd.,Almer
5079,Curabitur LLC,1313 Auctor, St.,Villa
5080,Sem Nulla Interdum C,5921 Nulla Road,IlhÃ©us,75893
5081,Commodo Auctor Assoc,529-1186 Sed Road,Pointe-aux-Trembles,26761
5082,Eu Ligula Aenean Ltd,P.O. Box 686, 9569 Luctus, Road
5083,Porttitor Eros Compa,219-8925 Enim. Road,Panketal,36410
5084,Lorem Lorem Luctus I,7787 Nec, Avenue,Leers
5085,Sed Hendrerit A Cons,314-1598 Neque. Av.,Hannover,Z2596
5086,Turpis LLP,4479 Non Rd.,Lapscheure,25150
5087,Vitae Ltd,1818 Non Road,St. Clears,Z7I 8
5088,Primis Industries,555-3020 Ipsum Avenue,Ambleside,9976
5089,Odio Semper Cursus P,783-5753 Magna. Road,B.S.D.,X8T 9
5090,Aliquam Enim LLP,P.O. Box 336, 7531 Auctor. Avenue,Gremb
5091,Vel LLC,Ap #757-6729 Ligula. Rd.,Jette,06051
5092,Vel Faucibus Limited,Ap #132-9833 Mollis Ave,Wanneroo,22332
5093,Sociosqu Foundation,Ap #356-3873 Pede. Street,Cagnes-sur-Mer,38-00
5094,Sed Consulting,8533 Risus Av.,Aubagne,89800
5095,Luctus Sit Institute,P.O. Box 737, 9846 Lectus, Rd.,
5096,Justo Nec Ante Ltd,743-8929 Ornare St.,Saint-Remy,91378
5097,Feugiat Corp.,801-8665 Nunc. Ave,Vergemoli,11816
5098,Eget LLC,Ap #786-9891 Vestibulum St.,Blieskastel,99185
5099,Odio Institute,398-8954 Consectetuer Avenue,FÃ¼rth,78612
NULL,NULL,NULL,NULL,NULL